/***********************************************F16_16_Personal*****************************************************/

INSERT INTO F16_16_Personal Values ('682331100','Arlington,TX','18-SEP-1993','779884247','Shaunak','Joshi');
INSERT INTO F16_16_Personal Values ('682331101','Houston,TX','02-SEP-1993','954566567','Devendra','Jadhav');
INSERT INTO F16_16_Personal Values ('682331102','Dallas,TX','11-OCT-1993','984556567','Nishad','Kumbhojkar');
INSERT INTO F16_16_Personal Values ('682331103','Austin,TX','31-AUG-1993','884566567','Gaurav','Kulkarni');
INSERT INTO F16_16_Personal Values ('682331104','San Antonio,TX','02-FEB-1994','976754051','Rutuja','Nikam');
INSERT INTO F16_16_Personal Values ('682331105','San Antonio,TX','25-NOV-1993','779884247','Atharv','kashyap');
INSERT INTO F16_16_Personal Values ('682331106','San Antonio,TX','25-NOV-1993','779884247','Sunil','Yadav');
INSERT INTO F16_16_Personal Values ('682331107','San Antonio,TX','25-NOV-1993','779884247','Neha','Shet');
INSERT INTO F16_16_Personal Values ('682331108','San Antonio,TX','25-NOV-1993','779884247','Rahul','Chandra');
INSERT INTO F16_16_Personal Values ('682331109','San Antonio,TX','25-NOV-1993','779884247','Omkar','Kulkarni');
INSERT INTO F16_16_Personal Values ('682331110','San Antonio,TX','25-NOV-1993','779884247','SaiPriya','Thikavadu');
INSERT INTO F16_16_Personal Values ('682331111','San Antonio,TX','25-NOV-1993','779884247','Shubham','Patel');
INSERT INTO F16_16_Personal Values ('682331112','San Antonio,TX','25-NOV-1993','779884247','Tejas','Wani');
INSERT INTO F16_16_Personal Values ('682331113','San Antonio,TX','25-NOV-1993','779884247','Harsh','Desai');
INSERT INTO F16_16_Personal Values ('682331114','San Antonio,TX','25-NOV-1993','779884247','Swanand','Waze');
INSERT INTO F16_16_Personal Values ('682331115','San Antonio,TX','25-NOV-1993','779884247','Chandrashekhar','Mahajan');
INSERT INTO F16_16_Personal Values ('682331116','San Antonio,TX','25-NOV-1993','779884247','Priyadarshan','Karandikar');
INSERT INTO F16_16_Personal Values ('682331117','San Antonio,TX','25-NOV-1993','779884247','Aditya','Kulthe');
INSERT INTO F16_16_Personal Values ('682331118','San Antonio,TX','25-NOV-1993','779884247','Ambar','Dudhane');
INSERT INTO F16_16_Personal Values ('682331119','San Antonio,TX','25-NOV-1993','779884247','Tejas','Bagade');
INSERT INTO F16_16_Personal Values ('682331120','San Antonio,TX','25-NOV-1993','779884247','Tejas','Namjoshi');
INSERT INTO F16_16_Personal Values ('682331121','San Antonio,TX','25-NOV-1993','779884247','Tejas','Natu');
INSERT INTO F16_16_Personal Values ('682331122','San Antonio,TX','25-NOV-1993','779884247','Tyrion','Lannister');
INSERT INTO F16_16_Personal Values ('682331123','San Antonio,TX','25-NOV-1993','779884247','Jaimme','Lannister');
INSERT INTO F16_16_Personal Values ('682331124','San Antonio,TX','25-NOV-1993','779884247','Walter','White');
INSERT INTO F16_16_Personal Values ('682331125','San Antonio,TX','25-NOV-1993','779884247','Cersei','Lannister');
INSERT INTO F16_16_Personal Values ('682331126','San Antonio,TX','25-NOV-1993','779884247','Jon','Snow');
INSERT INTO F16_16_Personal Values ('682331127','San Antonio,TX','25-NOV-1993','779884247','Sansa','Stark');

/***********************************************Cutomer*****************************************************/

INSERT INTO F16_16_Customer Values ('682331100');
INSERT INTO F16_16_Customer Values ('682331103');
INSERT INTO F16_16_Customer Values ('682331105');
INSERT INTO F16_16_Customer Values ('682331106');
INSERT INTO F16_16_Customer Values ('682331107');
INSERT INTO F16_16_Customer Values ('682331108');
INSERT INTO F16_16_Customer Values ('682331109');
INSERT INTO F16_16_Customer Values ('682331110');
INSERT INTO F16_16_Customer Values ('682331111');
INSERT INTO F16_16_Customer Values ('682331112');
INSERT INTO F16_16_Customer Values ('682331113');
INSERT INTO F16_16_Customer Values ('682331114');

/***********************************************F16_16_Employee*****************************************************/

Insert into F16_16_Employee values('682331101','01','10000');
Insert into F16_16_Employee values('682331102','01','10000');
Insert into F16_16_Employee values('682331104','01','10000');
Insert into F16_16_Employee values('682331115','01','10000');
Insert into F16_16_Employee values('682331116','01','10000');
Insert into F16_16_Employee values('682331117','01','10000');
Insert into F16_16_Employee values('682331118','01','10000');
Insert into F16_16_Employee values('682331119','01','10000');
Insert into F16_16_Employee values('682331120','02','5000');
Insert into F16_16_Employee values('682331121','02','5000');
Insert into F16_16_Employee values('682331122','02','5000');
Insert into F16_16_Employee values('682331123','02','5000');
Insert into F16_16_Employee values('682331124','02','5000');
Insert into F16_16_Employee values('682331125','02','5000');
Insert into F16_16_Employee values('682331126','02','5000');
Insert into F16_16_Employee values('682331127','02','5000');

/***********************************************F16_16_Car*****************************************************/

Insert Into F16_16_Car values('11','Honda CRV','2200CC','3358lbs','SUV','23845','20000');
Insert Into F16_16_Car values('12','Honda Civic','2100CC','3168lbs','Sedan','19000','17000');
Insert Into F16_16_Car values('13','Honda City','1900CC','2757lbs','Sedan','18000','16000');
Insert Into F16_16_Car values('14','Honda Accord','1700CC','2800lbs','Sedan','17000','16000');
Insert Into F16_16_Car values('15','Honda Brio','1500CC','2000lbs','Hatchback','15000','13000');
Insert Into F16_16_Car values('16','Honda Jazz','1800CC','2200lbs','Hatchback','18000','17000');
Insert Into F16_16_Car values('17','Honda Fit','1900CC','1950lbs','Sedan','15000','13000');
Insert Into F16_16_Car values('18','Honda HR-V','1800CC','2100lbs','Hatchback','20000','18000');
Insert Into F16_16_Car values('19','Honda Odyssey','2500CC','2300lbs','SUV','25000','23500');
Insert Into F16_16_Car values('20','Honda CR-Z','2300CC','2300lbs','Hatchback','19000','16000');
Insert Into F16_16_Car values('21','Honda Ridgeline','2100CC','2000lbs','SUV','22000','20000');

/*******************************************F16_16_Car_Feature*****************************************************/

Insert into F16_16_Car_Feature values('11','ABS','2000','101');
Insert into F16_16_Car_Feature values('11','Airbags','500','102');
Insert into F16_16_Car_Feature values('11','LED','100','103');
Insert into F16_16_Car_Feature values('11','ALL','2600', '104');

Insert into F16_16_Car_Feature values('12','ABS','2000','101');
Insert into F16_16_Car_Feature values('12','Airbags','500','102');
Insert into F16_16_Car_Feature values('12','LED','100','103');
Insert into F16_16_Car_Feature values('12','ALL','2600', '104');

Insert into F16_16_Car_Feature values('13','ABS','2000','101');
Insert into F16_16_Car_Feature values('13','Airbags','500','102');
Insert into F16_16_Car_Feature values('13','LED','100','103');
Insert into F16_16_Car_Feature values('13','ALL','2600', '104');

Insert into F16_16_Car_Feature values('14','ABS','2000','101');
Insert into F16_16_Car_Feature values('14','Airbags','500','102');
Insert into F16_16_Car_Feature values('14','LED','100','103');
Insert into F16_16_Car_Feature values('14','ALL','2600', '104');

Insert into F16_16_Car_Feature values('15','ABS','2000','101');
Insert into F16_16_Car_Feature values('15','Airbags','500','102');
Insert into F16_16_Car_Feature values('15','LED','100','103');
Insert into F16_16_Car_Feature values('15','ALL','2600', '104');

Insert into F16_16_Car_Feature values('16','ABS','2000','101');
Insert into F16_16_Car_Feature values('16','Airbags','500','102');
Insert into F16_16_Car_Feature values('16','LED','100','103');
Insert into F16_16_Car_Feature values('16','ALL','2600', '104');

Insert into F16_16_Car_Feature values('17','ABS','2000','101');
Insert into F16_16_Car_Feature values('17','Airbags','500','102');
Insert into F16_16_Car_Feature values('17','LED','100','103');
Insert into F16_16_Car_Feature values('17','ALL','2600', '104');

Insert into F16_16_Car_Feature values('18','ABS','2000','101');
Insert into F16_16_Car_Feature values('18','Airbags','500','102');
Insert into F16_16_Car_Feature values('18','LED','100','103');
Insert into F16_16_Car_Feature values('18','ALL','2600', '104');

Insert into F16_16_Car_Feature values('19','ABS','2000','101');
Insert into F16_16_Car_Feature values('19','Airbags','500','102');
Insert into F16_16_Car_Feature values('19','LED','100','103');
Insert into F16_16_Car_Feature values('19','ALL','2600', '104');

Insert into F16_16_Car_Feature values('20','ABS','2000','101');
Insert into F16_16_Car_Feature values('20','Airbags','500','102');
Insert into F16_16_Car_Feature values('20','LED','100','103');
Insert into F16_16_Car_Feature values('20','ALL','2600', '104');

Insert into F16_16_Car_Feature values('21','ABS','2000','101');
Insert into F16_16_Car_Feature values('21','Airbags','500','102');
Insert into F16_16_Car_Feature values('21','LED','100','103');
Insert into F16_16_Car_Feature values('21','ALL','2600', '104');

/*******************************************F16_16_Car_Color*****************************************************/

INSERT into F16_16_Car_Color values('11','WHITE');
INSERT into F16_16_Car_Color values('11','BLACK');
INSERT into F16_16_Car_Color values('11','ROYAL BLUE');

INSERT into F16_16_Car_Color values('12',' WHITE');
INSERT into F16_16_Car_Color values('12','BLACK');
INSERT into F16_16_Car_Color values('12','BLUE');

INSERT into F16_16_Car_Color values('13','WHITE');
INSERT into F16_16_Car_Color values('13','BLACK');
INSERT into F16_16_Car_Color values('13','BLUE');

INSERT into F16_16_Car_Color values('14','WHITE');
INSERT into F16_16_Car_Color values('14','BLACK');
INSERT into F16_16_Car_Color values('14','ROYAL BLUE');

INSERT into F16_16_Car_Color values('15','WHITE');
INSERT into F16_16_Car_Color values('15','BLACK');
INSERT into F16_16_Car_Color values('15','BLUE');

INSERT into F16_16_Car_Color values('16','WHITE');
INSERT into F16_16_Car_Color values('16','BLACK');
INSERT into F16_16_Car_Color values('16','BLUE');

/*******************************************F16_16_Automobile_Showroom***********************************************/

INSERT Into F16_16_Automobile_Showroom values('1001','Arlington,TX','EAST','18000','18000','1');
INSERT Into F16_16_Automobile_Showroom values('1002','Dallas,TX','WEST','18000','18000','2');
INSERT Into F16_16_Automobile_Showroom values('1003','Austin,TX','WEST','18000','18000','2');
INSERT Into F16_16_Automobile_Showroom values('1004','Houston,TX','NORTH','18000','18000','3');

/*******************************************F16_16_Works_For*****************************************************/

INSERT into F16_16_Works_For values('682331101', '1001', '12-Mar-2000', '11-Nov-2016');
INSERT into F16_16_Works_For values('682331102', '1002', '21-Sep-2001', '11-Nov-2016');
INSERT into F16_16_Works_For values('682331104', '1004', '12-Aug-2002', '11-Nov-2016');
INSERT into F16_16_Works_For values('682331115', '1003', '12-Aug-2002', '11-Nov-2016');
INSERT into F16_16_Works_For values('682331116', '1001', '12-Aug-2002', '11-Nov-2016');
INSERT into F16_16_Works_For values('682331117', '1002', '12-Aug-2002', '11-Nov-2016');
INSERT into F16_16_Works_For values('682331118', '1003', '12-Aug-2002', '11-Nov-2016');
INSERT into F16_16_Works_For values('682331119', '1004', '12-Aug-2002', '11-Nov-2016');
INSERT into F16_16_Works_For values('682331120', '1001', '25-Sep-2003', '11-Nov-2016');
INSERT into F16_16_Works_For values('682331121', '1001', '25-Sep-2003', '11-Nov-2016');
INSERT into F16_16_Works_For values('682331122', '1002', '25-Sep-2003', '11-Nov-2016');
INSERT into F16_16_Works_For values('682331123', '1002', '25-Sep-2003', '11-Nov-2016');
INSERT into F16_16_Works_For values('682331124', '1003', '25-Sep-2003', '11-Nov-2016');
INSERT into F16_16_Works_For values('682331125', '1003', '25-Sep-2003', '11-Nov-2016');
INSERT into F16_16_Works_For values('682331126', '1004', '25-Sep-2003', '11-Nov-2016');
INSERT into F16_16_Works_For values('682331127', '1004', '25-Sep-2003', '11-Nov-2016');

/*******************************************F16_16_Visits_For_Quotation***********************************************/

INSERT into F16_16_Visits_For_Quotation values ('682331100', '1002', '682331102', '18-sep-2012','11');
INSERT into F16_16_Visits_For_Quotation values ('682331103', '1001', '682331101', '01-Jan-2002','12');
INSERT into F16_16_Visits_For_Quotation values ('682331105', '1004', '682331104', '11-Jul-2010','13');
INSERT INTO F16_16_Visits_For_Quotation VALUES ('682331106', '1003', '682331102', '12-Jan-2000', '14');
INSERT INTO F16_16_Visits_For_Quotation VALUES ('682331107', '1001', '682331101', '12-Feb-2001', '15');
INSERT INTO F16_16_Visits_For_Quotation VALUES ('682331108', '1002', '682331104', '12-Mar-2003', '16');
INSERT INTO F16_16_Visits_For_Quotation VALUES ('682331109', '1003', '682331102', '12-Jul-2004', '14');
INSERT INTO F16_16_Visits_For_Quotation VALUES ('682331110', '1002', '682331101', '11-Jun-2008', '17');
INSERT INTO F16_16_Visits_For_Quotation VALUES ('682331111', '1003', '682331104', '07-Aug-2005', '18');
INSERT INTO F16_16_Visits_For_Quotation VALUES ('682331112', '1004', '682331102', '25-Oct-2006', '19');
INSERT INTO F16_16_Visits_For_Quotation VALUES ('682331113', '1001', '682331101', '12-Dec-2002', '20');
INSERT INTO F16_16_Visits_For_Quotation VALUES ('682331114', '1002', '682331104', '16-Feb-2007', '21');

/**************************************************F16_16_Rates*****************************************************/
INSERT into F16_16_Rates values('682331100', '11', '1001', '8', '21-sep-2009');
INSERT into F16_16_Rates values('682331100', '12', '1001', '8', '21-sep-2009');
INSERT into F16_16_Rates values('682331103', '13', '1002', '9', '12-sep-2009');
INSERT into F16_16_Rates values('682331103', '14', '1002', '9', '12-sep-2008');
INSERT into F16_16_Rates values('682331105', '15', '1003', '10', '08-sep-2008');
INSERT into F16_16_Rates values('682331105', '16', '1003', '10', '08-sep-2007');
INSERT into F16_16_Rates values('682331110', '17', '1002', '5', '08-nov-2009');
INSERT into F16_16_Rates values('682331111', '17', '1003', '10', '10-jan-2006');
INSERT into F16_16_Rates values('682331113', '12', '1001', '7', '23-aug-2005');
INSERT into F16_16_Rates values('682331114', '12', '1002', '9', '20-nov-2008');


/**************************************************F16_16_Buy******************************************************/

INSERT into F16_16_Buy values('682331100', '682331102', '12', '1002', '23-Feb-2001', '102');
INSERT into F16_16_Buy values('682331103', '682331101', '14', '1001', '03-Mar-2002', '101');
INSERT into F16_16_Buy values('682331105', '682331104', '16', '1004', '30-Apr-2003', '102');
INSERT into F16_16_Buy values('682331100', '682331102', '13', '1002', '23-Feb-2003', '103');
INSERT into F16_16_Buy values('682331100', '682331102', '14', '1002', '23-Feb-2002', '101');
INSERT INTO F16_16_Buy VALUES('682331110', '682331101', '17', '1002', '24-Jul-2008', '104');
INSERT INTO F16_16_Buy VALUES('682331112', '682331102', '19', '1004', '25-Nov-2006', '101');
INSERT INTO F16_16_Buy VALUES('682331114', '682331104', '12', '1002', '26-Mar-2007', '102');
INSERT INTO F16_16_Buy VALUES('682331111', '682331104', '17', '1003', '27-Sep-2005', '103');
INSERT INTO F16_16_Buy VALUES('682331113', '682331101', '12', '1001', '28-Jan-2003', '104');
INSERT INTO F16_16_Buy VALUES('682331105', '682331115', '11', '1003', '19-Feb-2011', '101');
INSERT INTO F16_16_Buy VALUES('682331103', '682331116', '15', '1001', '20-Mar-2012', '102');
INSERT INTO F16_16_Buy VALUES('682331112', '682331117', '20', '1002', '21-Apr-2013', '103');
INSERT INTO F16_16_Buy VALUES('682331113', '682331118', '21', '1003', '22-May-2014', '104');
INSERT INTO F16_16_Buy VALUES('682331114', '682331119', '11', '1004', '23-Jun-2015', '104');

INSERT into F16_16_Buy values('682331100', '682331102', '20', '1002', '23-Feb-2001', '102');
INSERT into F16_16_Buy values('682331103', '682331101', '12', '1001', '03-Mar-2002', '101');
INSERT into F16_16_Buy values('682331105', '682331104', '13', '1004', '30-Apr-2003', '102');
INSERT into F16_16_Buy values('682331100', '682331102', '16', '1002', '23-Feb-2003', '103');
INSERT into F16_16_Buy values('682331100', '682331102', '17', '1002', '23-Feb-2002', '101');
INSERT INTO F16_16_Buy VALUES('682331110', '682331101', '14', '1002', '24-Jul-2008', '104');
INSERT INTO F16_16_Buy VALUES('682331112', '682331102', '12', '1004', '25-Nov-2006', '101');
INSERT INTO F16_16_Buy VALUES('682331114', '682331104', '19', '1002', '26-Mar-2007', '102');
INSERT INTO F16_16_Buy VALUES('682331111', '682331104', '12', '1003', '27-Sep-2005', '103');
INSERT INTO F16_16_Buy VALUES('682331113', '682331101', '17', '1001', '28-Jan-2003', '104');
INSERT INTO F16_16_Buy VALUES('682331105', '682331115', '15', '1003', '19-Feb-2011', '101');
INSERT INTO F16_16_Buy VALUES('682331103', '682331116', '11', '1001', '20-Mar-2012', '102');
INSERT INTO F16_16_Buy VALUES('682331112', '682331117', '21', '1002', '21-Apr-2013', '103');
INSERT INTO F16_16_Buy VALUES('682331113', '682331118', '20', '1003', '22-May-2014', '104');
INSERT INTO F16_16_Buy VALUES('682331114', '682331119', '21', '1004', '23-Jun-2015', '104');

INSERT into F16_16_Buy values('682331100', '682331101', '21', '1002', '23-Feb-2001', '102');
INSERT into F16_16_Buy values('682331103', '682331101', '16', '1001', '03-Mar-2002', '101');
INSERT into F16_16_Buy values('682331105', '682331104', '12', '1004', '30-Apr-2003', '102');
INSERT into F16_16_Buy values('682331100', '682331102', '21', '1002', '23-Feb-2003', '103');
INSERT into F16_16_Buy values('682331100', '682331102', '19', '1002', '23-Feb-2002', '101');
INSERT INTO F16_16_Buy VALUES('682331110', '682331101', '12', '1002', '24-Jul-2008', '104');
INSERT INTO F16_16_Buy VALUES('682331112', '682331102', '14', '1004', '25-DEC-2006', '101');
INSERT INTO F16_16_Buy VALUES('682331114', '682331104', '17', '1002', '26-Mar-2007', '102');
INSERT INTO F16_16_Buy VALUES('682331111', '682331104', '11', '1003', '27-Sep-2005', '103');
INSERT INTO F16_16_Buy VALUES('682331113', '682331101', '15', '1001', '28-Jan-2003', '104');
INSERT INTO F16_16_Buy VALUES('682331105', '682331115', '17', '1003', '19-Feb-2011', '101');
INSERT INTO F16_16_Buy VALUES('682331103', '682331116', '21', '1001', '20-Mar-2012', '102');
INSERT INTO F16_16_Buy VALUES('682331112', '682331117', '12', '1002', '21-Apr-2013', '103');
INSERT INTO F16_16_Buy VALUES('682331113', '682331118', '19', '1003', '22-May-2014', '104');
INSERT INTO F16_16_Buy VALUES('682331114', '682331119', '12', '1004', '23-Jun-2015', '104');
/**************************************************F16_16_Service****************************************************/
INSERT into F16_16_Service values ('682331100', '12', '1001');
INSERT into F16_16_Service values ('682331100', '12', '1002');
INSERT into F16_16_Service values ('682331103', '14', '1001');
INSERT into F16_16_Service values ('682331105', '16', '1004');
INSERT INTO F16_16_Service VALUES ('682331100', '13', '1002');
INSERT INTO F16_16_Service VALUES ('682331100', '14', '1002');
INSERT INTO F16_16_Service VALUES ('682331110', '17', '1002');
INSERT INTO F16_16_Service VALUES ('682331111', '17', '1003');
INSERT INTO F16_16_Service VALUES ('682331112', '19', '1004');
INSERT INTO F16_16_Service VALUES ('682331113', '12', '1001');
INSERT INTO F16_16_Service VALUES ('682331114', '12', '1002');
INSERT INTO F16_16_Service VALUES ('682331112', '20' ,'1002');

INSERT into F16_16_Service values ('682331100', '17', '1001');
INSERT into F16_16_Service values ('682331100', '19', '1002');
INSERT INTO F16_16_Service VALUES ('682331100', '20', '1003');
INSERT INTO F16_16_Service VALUES ('682331100', '20', '1002');
INSERT INTO F16_16_Service VALUES ('682331110', '18', '1002');
INSERT INTO F16_16_Service VALUES ('682331111', '12', '1003');
INSERT INTO F16_16_Service VALUES ('682331111', '13', '1003');
INSERT INTO F16_16_Service VALUES ('682331111', '14', '1003');
INSERT INTO F16_16_Service VALUES ('682331112', '12', '1004');
INSERT INTO F16_16_Service VALUES ('682331112', '13', '1004');
INSERT INTO F16_16_Service VALUES ('682331112', '14', '1004');
INSERT INTO F16_16_Service VALUES ('682331113', '20', '1001');
INSERT into F16_16_Service values ('682331103', '20', '1001');
INSERT INTO F16_16_Service VALUES ('682331114', '21', '1002');
INSERT into F16_16_Service values ('682331105', '12', '1004');
INSERT into F16_16_Service values ('682331105', '13', '1004');
INSERT into F16_16_Service values ('682331105', '14', '1004');
INSERT into F16_16_Service values ('682331105', '15', '1004');


/*********************************************F16_16_Servicing_Details*************************************************/

INSERT into F16_16_Servicing_Details values ('682331100', '12', '1002', '22-Feb-2002', '200', 'Tyre');
INSERT into F16_16_Servicing_Details values ('682331103', '14', '1001', '23-Mar-2003', '20', 'Wiper');
INSERT into F16_16_Servicing_Details values ('682331105', '16', '1004', '24-Apr-2004', '500', 'General');
INSERT INTO F16_16_Servicing_Details VALUES ('682331100', '13' ,'1002', '21-JAN-2004', '500','General');
INSERT INTO F16_16_Servicing_Details VALUES ('682331100', '14' ,'1002', '21-Mar-2004', '20','Wiper');
INSERT INTO F16_16_Servicing_Details VALUES ('682331110', '17', '1002', '28-Jul-2008', '200', 'Tyre');
INSERT INTO F16_16_Servicing_Details VALUES ('682331111', '17' ,'1003' ,'21-JAN-2006', '500','General');
INSERT INTO F16_16_Servicing_Details VALUES ('682331112', '19' ,'1004' ,'21-JAN-2007', '500','General');
INSERT INTO F16_16_Servicing_Details VALUES ('682331113', '12' ,'1001' ,'21-JAN-2004', '500','General');
INSERT INTO F16_16_Servicing_Details VALUES ('682331114', '12' ,'1002' ,'21-JAN-2008', '500','General');
INSERT INTO F16_16_Servicing_Details VALUES ('682331110', '17' ,'1002' ,'21-JAN-2009', '500','General');
INSERT INTO F16_16_Servicing_Details VALUES ('682331112', '20' ,'1002' ,'21-JAN-2014', '500','General');
INSERT INTO F16_16_Servicing_Details VALUES ('682331112', '20' ,'1002' ,'21-JAN-2015', '200','Tyre');
INSERT INTO F16_16_Servicing_Details VALUES ('682331112', '19' ,'1004' ,'21-JAN-2008', '200','Tyre');
insert into F16_16_Servicing_Details values ('682331103', '14', '1001', '23-Mar-2005', '500', 'General');
INSERT INTO F16_16_Servicing_Details VALUES ('682331100', '14' ,'1002' ,'21-Mar-2010', '200','Tyre');
INSERT INTO F16_16_Servicing_Details VALUES ('682331111', '17' ,'1003' ,'21-JAN-2007', '20','Wiper');
INSERT INTO F16_16_Servicing_Details VALUES ('682331111', '17' ,'1003' ,'21-JAN-2008', '200','Tyre');
INSERT INTO F16_16_Servicing_Details VALUES ('682331110', '17' ,'1002' ,'21-JAN-2010', '200','Tyre');




INSERT into F16_16_Servicing_Details values ('682331100', '17', '1001', '22-Feb-2002', '200', 'Tyre');
INSERT into F16_16_Servicing_Details values ('682331100', '19', '1002', '23-Mar-2003', '20', 'Wiper');
INSERT INTO F16_16_Servicing_Details VALUES ('682331100', '20', '1002', '24-Apr-2004', '500', 'General');
INSERT INTO F16_16_Servicing_Details VALUES ('682331100', '20', '1002', '21-JAN-2004', '500','General');
INSERT INTO F16_16_Servicing_Details VALUES ('682331110', '18', '1002', '21-Mar-2004', '20','Wiper');
INSERT INTO F16_16_Servicing_Details VALUES ('682331111', '12', '1003', '28-Jul-2008', '200', 'Tyre');
INSERT INTO F16_16_Servicing_Details VALUES ('682331111', '13', '1003','21-JAN-2006', '500','General');
INSERT INTO F16_16_Servicing_Details VALUES ('682331111', '14', '1003','21-JAN-2007', '500','General');
INSERT INTO F16_16_Servicing_Details VALUES ('682331112', '12', '1004','21-JAN-2004', '500','General');
INSERT INTO F16_16_Servicing_Details VALUES ('682331112', '13', '1004','21-JAN-2008', '500','General');
INSERT INTO F16_16_Servicing_Details VALUES ('682331112', '14', '1004','21-JAN-2009', '500','General');
INSERT INTO F16_16_Servicing_Details VALUES ('682331113', '20', '1001','21-JAN-2015', '200','Tyre');
INSERT into F16_16_Servicing_Details values ('682331103', '20', '1001','21-JAN-2008', '200','Tyre');
INSERT INTO F16_16_Servicing_Details VALUES ('682331114', '21', '1002', '23-Mar-2005', '500', 'General');
INSERT into F16_16_Servicing_Details values ('682331105', '12', '1004','21-Mar-2010', '200','Tyre');
INSERT into F16_16_Servicing_Details values ('682331105', '13', '1004','21-JAN-2007', '20','Wiper');
INSERT into F16_16_Servicing_Details values ('682331105', '14', '1004','21-JAN-2008', '200','Tyre');
INSERT into F16_16_Servicing_Details values ('682331105', '15', '1004','21-JAN-2010', '200','Tyre');


INSERT into F16_16_Servicing_Details values ('682331100', '17', '1001', '12-Feb-2002', '200', 'Tyre');
INSERT into F16_16_Servicing_Details values ('682331100', '19', '1002', '13-Mar-2003', '20', 'Wiper');
INSERT INTO F16_16_Servicing_Details VALUES ('682331100', '20', '1002', '14-Apr-2004', '500', 'General');
INSERT INTO F16_16_Servicing_Details VALUES ('682331100', '20', '1002', '11-JAN-2004', '500','General');
INSERT INTO F16_16_Servicing_Details VALUES ('682331110', '18', '1002', '11-Mar-2004', '20','Wiper');
INSERT INTO F16_16_Servicing_Details VALUES ('682331111', '12', '1003', '18-Jul-2008', '200', 'Tyre');
INSERT INTO F16_16_Servicing_Details VALUES ('682331111', '13', '1003','11-JAN-2006', '500','General');
INSERT INTO F16_16_Servicing_Details VALUES ('682331111', '14', '1003','11-JAN-2007', '500','General');
INSERT INTO F16_16_Servicing_Details VALUES ('682331112', '12', '1004','11-JAN-2004', '500','General');
INSERT INTO F16_16_Servicing_Details VALUES ('682331112', '13', '1004','11-JAN-2008', '500','General');
INSERT INTO F16_16_Servicing_Details VALUES ('682331112', '14', '1004','11-JAN-2009', '500','General');
INSERT INTO F16_16_Servicing_Details VALUES ('682331113', '20', '1001','11-JAN-2015', '200','Tyre');
INSERT into F16_16_Servicing_Details values ('682331103', '20', '1001','11-JAN-2008', '200','Tyre');
INSERT INTO F16_16_Servicing_Details VALUES ('682331114', '21', '1002', '13-Mar-2005', '500', 'General');
INSERT into F16_16_Servicing_Details values ('682331105', '12', '1004','11-Mar-2010', '200','Tyre');
INSERT into F16_16_Servicing_Details values ('682331105', '13', '1004','11-JAN-2007', '20','Wiper');
INSERT into F16_16_Servicing_Details values ('682331105', '14', '1004','11-JAN-2008', '200','Tyre');
INSERT into F16_16_Servicing_Details values ('682331105', '15', '1004','11-JAN-2010', '200','Tyre');

INSERT into F16_16_Servicing_Details values ('682331100', '17', '1001', '22-JAN-2002', '200', 'Tyre');
INSERT into F16_16_Servicing_Details values ('682331100', '19', '1002', '23-JAN-2003', '20', 'Wiper');
INSERT INTO F16_16_Servicing_Details VALUES ('682331100', '20', '1002', '24-MAY-2004', '500', 'General');
INSERT INTO F16_16_Servicing_Details VALUES ('682331100', '20', '1002', '21-SEP-2004', '500','General');
INSERT INTO F16_16_Servicing_Details VALUES ('682331110', '18', '1002', '21-SEP-2004', '20','Wiper');
INSERT INTO F16_16_Servicing_Details VALUES ('682331111', '12', '1003', '28-OCT-2008', '200', 'Tyre');
INSERT INTO F16_16_Servicing_Details VALUES ('682331111', '13', '1003','21-FEB-2006', '500','General');
INSERT INTO F16_16_Servicing_Details VALUES ('682331111', '14', '1003','21-FEB-2007', '500','General');
INSERT INTO F16_16_Servicing_Details VALUES ('682331112', '12', '1004','21-FEB-2004', '500','General');
INSERT INTO F16_16_Servicing_Details VALUES ('682331112', '13', '1004','21-FEB-2008', '500','General');
INSERT INTO F16_16_Servicing_Details VALUES ('682331112', '14', '1004','21-FEB-2009', '500','General');
INSERT INTO F16_16_Servicing_Details VALUES ('682331112', '20' ,'1002','21-FEB-2014', '500','General');
INSERT INTO F16_16_Servicing_Details VALUES ('682331113', '20', '1001','21-FEB-2015', '200','Tyre');
INSERT into F16_16_Servicing_Details values ('682331103', '20', '1001','21-NOV-2008', '200','Tyre');
INSERT INTO F16_16_Servicing_Details VALUES ('682331114', '21', '1002', '23-NOV-2005', '500', 'General');
INSERT into F16_16_Servicing_Details values ('682331105', '12', '1004','21-NOV-2010', '200','Tyre');
INSERT into F16_16_Servicing_Details values ('682331105', '13', '1004','21-DEC-2007', '20','Wiper');
INSERT into F16_16_Servicing_Details values ('682331105', '14', '1004','21-DEC-2008', '200','Tyre');
INSERT into F16_16_Servicing_Details values ('682331105', '15', '1004','21-DEC-2010', '200','Tyre');



INSERT into F16_16_Servicing_Details values ('682331100', '12', '1002', '12-Feb-2002', '200', 'Tyre');
INSERT into F16_16_Servicing_Details values ('682331103', '14', '1001', '13-Mar-2003', '20', 'Wiper');
INSERT into F16_16_Servicing_Details values ('682331105', '16', '1004', '14-Apr-2004', '500', 'General');
INSERT INTO F16_16_Servicing_Details VALUES ('682331100', '13' ,'1002', '11-JAN-2004', '500','General');
INSERT INTO F16_16_Servicing_Details VALUES ('682331100', '14' ,'1002', '11-Mar-2004', '20','Wiper');
INSERT INTO F16_16_Servicing_Details VALUES ('682331110', '17', '1002', '18-Jul-2008', '200', 'Tyre');
INSERT INTO F16_16_Servicing_Details VALUES ('682331111', '17' ,'1003' ,'11-JAN-2006', '500','General');
INSERT INTO F16_16_Servicing_Details VALUES ('682331112', '19' ,'1004' ,'11-JAN-2007', '500','General');
INSERT INTO F16_16_Servicing_Details VALUES ('682331113', '12' ,'1001' ,'11-JAN-2004', '500','General');
INSERT INTO F16_16_Servicing_Details VALUES ('682331114', '12' ,'1002' ,'11-JAN-2008', '500','General');
INSERT INTO F16_16_Servicing_Details VALUES ('682331110', '17' ,'1002' ,'11-JAN-2009', '500','General');
INSERT INTO F16_16_Servicing_Details VALUES ('682331112', '20' ,'1002' ,'11-JAN-2014', '500','General');
INSERT INTO F16_16_Servicing_Details VALUES ('682331112', '20' ,'1002' ,'11-JAN-2015', '200','Tyre');
INSERT INTO F16_16_Servicing_Details VALUES ('682331112', '19' ,'1004' ,'11-JAN-2008', '200','Tyre');
insert into F16_16_Servicing_Details values ('682331103', '14', '1001', '13-Mar-2005', '500', 'General');
INSERT INTO F16_16_Servicing_Details VALUES ('682331100', '14' ,'1002' ,'11-Mar-2010', '200','Tyre');
INSERT INTO F16_16_Servicing_Details VALUES ('682331111', '17' ,'1003' ,'11-JAN-2007', '20','Wiper');
INSERT INTO F16_16_Servicing_Details VALUES ('682331111', '17' ,'1003' ,'11-JAN-2008', '200','Tyre');
INSERT INTO F16_16_Servicing_Details VALUES ('682331110', '17' ,'1002' ,'11-JAN-2010', '200','Tyre');

INSERT into F16_16_Servicing_Details values ('682331100', '12', '1002', '12-JAN-2012', '200', 'Tyre');
INSERT into F16_16_Servicing_Details values ('682331103', '14', '1001', '13-Mar-2013', '20', 'Wiper');
INSERT into F16_16_Servicing_Details values ('682331105', '16', '1004', '14-Mar-2014', '500', 'General');
INSERT INTO F16_16_Servicing_Details VALUES ('682331100', '13' ,'1002', '11-Mar-2014', '500','General');
INSERT INTO F16_16_Servicing_Details VALUES ('682331100', '14' ,'1002', '11-DEC-2004', '20','Wiper');
INSERT INTO F16_16_Servicing_Details VALUES ('682331110', '17', '1002', '18-JUN-2008', '200', 'Tyre');
INSERT INTO F16_16_Servicing_Details VALUES ('682331111', '17' ,'1003' ,'11-Mar-2006', '500','General');
INSERT INTO F16_16_Servicing_Details VALUES ('682331112', '19' ,'1004' ,'11-Mar-2007', '500','General');
INSERT INTO F16_16_Servicing_Details VALUES ('682331113', '12' ,'1001' ,'11-Mar-2004', '500','General');
INSERT INTO F16_16_Servicing_Details VALUES ('682331114', '12' ,'1002' ,'11-Mar-2008', '500','General');
INSERT INTO F16_16_Servicing_Details VALUES ('682331110', '17' ,'1002' ,'11-Mar-2009', '500','General');
INSERT INTO F16_16_Servicing_Details VALUES ('682331112', '20' ,'1002' ,'11-Mar-2014', '500','General');
INSERT INTO F16_16_Servicing_Details VALUES ('682331112', '20' ,'1002' ,'11-Mar-2015', '200','Tyre');
INSERT INTO F16_16_Servicing_Details VALUES ('682331112', '19' ,'1004' ,'11-Mar-2008', '200','Tyre');
insert into F16_16_Servicing_Details values ('682331103', '14', '1001', '13-JAN-2005', '500', 'General');
INSERT INTO F16_16_Servicing_Details VALUES ('682331100', '14' ,'1002' ,'11-JAN-2010', '200','Tyre');
INSERT INTO F16_16_Servicing_Details VALUES ('682331111', '17' ,'1003' ,'11-Mar-2007', '20','Wiper');
INSERT INTO F16_16_Servicing_Details VALUES ('682331111', '17' ,'1003' ,'11-Mar-2008', '200','Tyre');
INSERT INTO F16_16_Servicing_Details VALUES ('682331110', '17' ,'1002' ,'11-Mar-2010', '200','Tyre');

